{
  "factors vs severity": {
    "DCA_CODE": 0.013863302723560103,
    "SPEED_ZONE": 0.011182588481680973,
    "ATMOSPH_COND": 0.010928895517129958,
    "ROAD_USER_TYPE": 0.008696845937952261,
    "TARE_WEIGHT": 0.008163372848956883,
    "HELMET_BELT_WORN": 0.007686075447086309,
    "VEHICLE_TYPE": 0.0066233521252776,
    "LIGHT_CONDITION": 0.006196945592035328,
    "SEATING_CAPACITY": 0.004945799304517451,
    "TRAFFIC_CONTROL": 0.004584614446523447,
    "ACCIDENT_TYPE": 0.003963802502948465,
    "SEATING_POSITION": 0.003932986877913291,
    "FUEL_TYPE": 0.002871611418468669,
    "DAY_OF_WEEK": 0.0023268707831623366,
    "AGE_GROUP": 0.0017520456453384266,
    "CAUGHT_FIRE": 0.0016273609052676896,
    "ROAD_GEOMETRY": 0.0013010419569836733,
    "VEHICLE_DCA_CODE": 0.0012472851794427717,
    "TIME_OF_DAY": 0.0011367468003275196,
    "SEX": 0.0010293591509683414,
    "RMA": 0.0010012827003214755,
    "VEHICLE_AGE": 0.00033016680012913993,
    "CONSTRUCTION_TYPE": 8.82651005860815e-06
  },
  "factors vs injury_level_q1": {
    "ROAD_USER_TYPE": 0.040720728462386155,
    "VEHICLE_TYPE": 0.038999748350939535,
    "HELMET_BELT_WORN": 0.03198512429474352,
    "SEX": 0.01991708844023075,
    "VEHICLE_DCA_CODE": 0.01982118851859932,
    "TARE_WEIGHT": 0.017097321462740723,
    "FUEL_TYPE": 0.013803426144418792,
    "DCA_CODE": 0.01333415369570612,
    "SEATING_CAPACITY": 0.010112042695548735,
    "SPEED_ZONE": 0.006824151090538314,
    "AGE_GROUP": 0.005890509073903438,
    "TRAFFIC_CONTROL": 0.0033264502237654293,
    "ACCIDENT_TYPE": 0.0032552798141321196,
    "ATMOSPH_COND": 0.0031713862967481903,
    "SEATING_POSITION": 0.0026793050223782935,
    "LIGHT_CONDITION": 0.0024455160419706037,
    "CAUGHT_FIRE": 0.001430266321545667,
    "TIME_OF_DAY": 0.0009000418310093522,
    "RMA": 0.000887598671052379,
    "ROAD_GEOMETRY": 0.000678990165874465,
    "DAY_OF_WEEK": 0.0006406122049272109,
    "VEHICLE_AGE": 0.00046148183050511685,
    "CONSTRUCTION_TYPE": 2.3730940481310202e-05
  },
  "factors vs injury_level_q2": {
    "VEHICLE_TYPE": 0.039075233474097956,
    "HELMET_BELT_WORN": 0.032027194211898743,
    "SEATING_POSITION": 0.0026651845948901165
  }
}